{
    "results": {
        "tool": {
            "name": "pytest",
            "version": "8.4.1"
        },
        "summary": {
            "tests": 2,
            "passed": 2,
            "failed": 0,
            "skipped": 0,
            "pending": 0,
            "other": 0,
            "start": 1777015854.9984636,
            "stop": 1777015855.0659697
        },
        "tests": [
            {
                "name": "test_outputs.py::test_about_file",
                "status": "passed",
                "duration": 0.00038482388481497765,
                "start": 1777015855.061722,
                "stop": 1777015855.062277,
                "retries": 0,
                "file_path": "test_outputs.py"
            },
            {
                "name": "test_outputs.py::test_layout_file",
                "status": "passed",
                "duration": 0.0005406888667494059,
                "start": 1777015855.0624347,
                "stop": 1777015855.0658104,
                "retries": 0,
                "file_path": "test_outputs.py"
            }
        ]
    }
}