{
    "results": {
        "tool": {
            "name": "pytest",
            "version": "8.4.1"
        },
        "summary": {
            "tests": 2,
            "passed": 2,
            "failed": 0,
            "skipped": 0,
            "pending": 0,
            "other": 0,
            "start": 1776737838.6948462,
            "stop": 1776737838.7473567
        },
        "tests": [
            {
                "name": "test_outputs.py::test_about_file",
                "status": "passed",
                "duration": 0.0004417549935169518,
                "start": 1776737838.7462142,
                "stop": 1776737838.7468588,
                "retries": 0,
                "file_path": "test_outputs.py"
            },
            {
                "name": "test_outputs.py::test_layout_file",
                "status": "passed",
                "duration": 0.00020881398813799024,
                "start": 1776737838.7469702,
                "stop": 1776737838.7472465,
                "retries": 0,
                "file_path": "test_outputs.py"
            }
        ]
    }
}