{
    "results": {
        "tool": {
            "name": "pytest",
            "version": "8.4.1"
        },
        "summary": {
            "tests": 2,
            "passed": 2,
            "failed": 0,
            "skipped": 0,
            "pending": 0,
            "other": 0,
            "start": 1777014561.5275993,
            "stop": 1777014561.5762951
        },
        "tests": [
            {
                "name": "test_outputs.py::test_about_file",
                "status": "passed",
                "duration": 0.0004966518608853221,
                "start": 1777014561.5750995,
                "stop": 1777014561.5757763,
                "retries": 0,
                "file_path": "test_outputs.py"
            },
            {
                "name": "test_outputs.py::test_layout_file",
                "status": "passed",
                "duration": 0.00020869600120931864,
                "start": 1777014561.5758977,
                "stop": 1777014561.5761774,
                "retries": 0,
                "file_path": "test_outputs.py"
            }
        ]
    }
}