{
    "results": {
        "tool": {
            "name": "pytest",
            "version": "8.4.1"
        },
        "summary": {
            "tests": 2,
            "passed": 2,
            "failed": 0,
            "skipped": 0,
            "pending": 0,
            "other": 0,
            "start": 1776828531.5129282,
            "stop": 1776828531.5631359
        },
        "tests": [
            {
                "name": "test_outputs.py::test_about_file",
                "status": "passed",
                "duration": 0.0003643649979494512,
                "start": 1776828531.5620048,
                "stop": 1776828531.5625408,
                "retries": 0,
                "file_path": "test_outputs.py"
            },
            {
                "name": "test_outputs.py::test_layout_file",
                "status": "passed",
                "duration": 0.0002568079507909715,
                "start": 1776828531.5626564,
                "stop": 1776828531.5630283,
                "retries": 0,
                "file_path": "test_outputs.py"
            }
        ]
    }
}