{
    "results": {
        "tool": {
            "name": "pytest",
            "version": "8.4.1"
        },
        "summary": {
            "tests": 2,
            "passed": 2,
            "failed": 0,
            "skipped": 0,
            "pending": 0,
            "other": 0,
            "start": 1777014334.1786578,
            "stop": 1777014334.245433
        },
        "tests": [
            {
                "name": "test_outputs.py::test_about_file",
                "status": "passed",
                "duration": 0.00043135497253388166,
                "start": 1777014334.243872,
                "stop": 1777014334.24451,
                "retries": 0,
                "file_path": "test_outputs.py"
            },
            {
                "name": "test_outputs.py::test_layout_file",
                "status": "passed",
                "duration": 0.000383974052965641,
                "start": 1777014334.24476,
                "stop": 1777014334.245284,
                "retries": 0,
                "file_path": "test_outputs.py"
            }
        ]
    }
}