{
    "results": {
        "tool": {
            "name": "pytest",
            "version": "8.4.1"
        },
        "summary": {
            "tests": 1,
            "passed": 1,
            "failed": 0,
            "skipped": 0,
            "pending": 0,
            "other": 0,
            "start": 1776844000.1231427,
            "stop": 1776844001.5089774
        },
        "tests": [
            {
                "name": "test_outputs.py::test_api",
                "status": "passed",
                "duration": 1.3738326409365982,
                "start": 1776844000.1343682,
                "stop": 1776844001.5085988,
                "retries": 0,
                "file_path": "test_outputs.py"
            }
        ]
    }
}