{
    "results": {
        "tool": {
            "name": "pytest",
            "version": "8.4.1"
        },
        "summary": {
            "tests": 2,
            "passed": 2,
            "failed": 0,
            "skipped": 0,
            "pending": 0,
            "other": 0,
            "start": 1776826445.277708,
            "stop": 1776826445.324018
        },
        "tests": [
            {
                "name": "test_outputs.py::test_about_file",
                "status": "passed",
                "duration": 0.000303147011436522,
                "start": 1776826445.3230965,
                "stop": 1776826445.3235416,
                "retries": 0,
                "file_path": "test_outputs.py"
            },
            {
                "name": "test_outputs.py::test_layout_file",
                "status": "passed",
                "duration": 0.0002158069983124733,
                "start": 1776826445.3236463,
                "stop": 1776826445.3239303,
                "retries": 0,
                "file_path": "test_outputs.py"
            }
        ]
    }
}