{
    "results": {
        "tool": {
            "name": "pytest",
            "version": "8.4.1"
        },
        "summary": {
            "tests": 2,
            "passed": 2,
            "failed": 0,
            "skipped": 0,
            "pending": 0,
            "other": 0,
            "start": 1776732392.5158837,
            "stop": 1776732392.6000762
        },
        "tests": [
            {
                "name": "test_outputs.py::test_about_file",
                "status": "passed",
                "duration": 0.0006532059633173048,
                "start": 1776732392.598374,
                "stop": 1776732392.5992734,
                "retries": 0,
                "file_path": "test_outputs.py"
            },
            {
                "name": "test_outputs.py::test_layout_file",
                "status": "passed",
                "duration": 0.00031116895843297243,
                "start": 1776732392.5994756,
                "stop": 1776732392.5999084,
                "retries": 0,
                "file_path": "test_outputs.py"
            }
        ]
    }
}