{
    "results": {
        "tool": {
            "name": "pytest",
            "version": "8.4.1"
        },
        "summary": {
            "tests": 2,
            "passed": 2,
            "failed": 0,
            "skipped": 0,
            "pending": 0,
            "other": 0,
            "start": 1776937485.5819628,
            "stop": 1776937485.7966053
        },
        "tests": [
            {
                "name": "test_outputs.py::test_extract_js_exists",
                "status": "passed",
                "duration": 0.00024607492377981544,
                "start": 1776937485.6217873,
                "stop": 1776937485.6221666,
                "retries": 0,
                "file_path": "test_outputs.py"
            },
            {
                "name": "test_outputs.py::test_output_matches_reference",
                "status": "passed",
                "duration": 0.17391710303490981,
                "start": 1776937485.6222558,
                "stop": 1776937485.7964084,
                "retries": 0,
                "file_path": "test_outputs.py"
            }
        ]
    }
}