{
    "results": {
        "tool": {
            "name": "pytest",
            "version": "8.4.1"
        },
        "summary": {
            "tests": 2,
            "passed": 2,
            "failed": 0,
            "skipped": 0,
            "pending": 0,
            "other": 0,
            "start": 1776738879.7249885,
            "stop": 1776738879.791839
        },
        "tests": [
            {
                "name": "test_outputs.py::test_about_file",
                "status": "passed",
                "duration": 0.0010070010321214795,
                "start": 1776738879.7893343,
                "stop": 1776738879.7907374,
                "retries": 0,
                "file_path": "test_outputs.py"
            },
            {
                "name": "test_outputs.py::test_layout_file",
                "status": "passed",
                "duration": 0.0004727159393951297,
                "start": 1776738879.7909846,
                "stop": 1776738879.7916281,
                "retries": 0,
                "file_path": "test_outputs.py"
            }
        ]
    }
}