{
    "results": {
        "tool": {
            "name": "pytest",
            "version": "8.4.1"
        },
        "summary": {
            "tests": 2,
            "passed": 2,
            "failed": 0,
            "skipped": 0,
            "pending": 0,
            "other": 0,
            "start": 1776829342.811123,
            "stop": 1776829342.8934267
        },
        "tests": [
            {
                "name": "test_outputs.py::test_about_file",
                "status": "passed",
                "duration": 0.0008032950572669506,
                "start": 1776829342.8917892,
                "stop": 1776829342.8928418,
                "retries": 0,
                "file_path": "test_outputs.py"
            },
            {
                "name": "test_outputs.py::test_layout_file",
                "status": "passed",
                "duration": 0.00024371204199269414,
                "start": 1776829342.8929865,
                "stop": 1776829342.8933082,
                "retries": 0,
                "file_path": "test_outputs.py"
            }
        ]
    }
}