{
    "results": {
        "tool": {
            "name": "pytest",
            "version": "8.4.1"
        },
        "summary": {
            "tests": 2,
            "passed": 2,
            "failed": 0,
            "skipped": 0,
            "pending": 0,
            "other": 0,
            "start": 1777052485.4964612,
            "stop": 1777052486.593599
        },
        "tests": [
            {
                "name": "test_outputs.py::test_modernized_code_runs",
                "status": "passed",
                "duration": 1.0785231739282608,
                "start": 1777052485.513791,
                "stop": 1777052486.5927727,
                "retries": 0,
                "file_path": "test_outputs.py"
            },
            {
                "name": "test_outputs.py::test_dependency_file_exists",
                "status": "passed",
                "duration": 0.00029455998446792364,
                "start": 1777052486.5930867,
                "stop": 1777052486.5934737,
                "retries": 0,
                "file_path": "test_outputs.py"
            }
        ]
    }
}