{
    "results": {
        "tool": {
            "name": "pytest",
            "version": "8.4.1"
        },
        "summary": {
            "tests": 2,
            "passed": 2,
            "failed": 0,
            "skipped": 0,
            "pending": 0,
            "other": 0,
            "start": 1776827702.6653624,
            "stop": 1776827702.7153802
        },
        "tests": [
            {
                "name": "test_outputs.py::test_about_file",
                "status": "passed",
                "duration": 0.0004075700417160988,
                "start": 1776827702.714081,
                "stop": 1776827702.7146485,
                "retries": 0,
                "file_path": "test_outputs.py"
            },
            {
                "name": "test_outputs.py::test_layout_file",
                "status": "passed",
                "duration": 0.0003202599473297596,
                "start": 1776827702.7148056,
                "stop": 1776827702.7152588,
                "retries": 0,
                "file_path": "test_outputs.py"
            }
        ]
    }
}