{
    "results": {
        "tool": {
            "name": "pytest",
            "version": "8.4.1"
        },
        "summary": {
            "tests": 1,
            "passed": 1,
            "failed": 0,
            "skipped": 0,
            "pending": 0,
            "other": 0,
            "start": 1777048032.7992241,
            "stop": 1777048033.8995898
        },
        "tests": [
            {
                "name": "test_outputs.py::test_api",
                "status": "passed",
                "duration": 1.0896967850858346,
                "start": 1777048032.809378,
                "stop": 1777048033.8994114,
                "retries": 0,
                "file_path": "test_outputs.py"
            }
        ]
    }
}