{
    "results": {
        "tool": {
            "name": "pytest",
            "version": "8.4.1"
        },
        "summary": {
            "tests": 2,
            "passed": 2,
            "failed": 0,
            "skipped": 0,
            "pending": 0,
            "other": 0,
            "start": 1776826025.857818,
            "stop": 1776826025.9141207
        },
        "tests": [
            {
                "name": "test_outputs.py::test_about_file",
                "status": "passed",
                "duration": 0.0005774470046162605,
                "start": 1776826025.9124053,
                "stop": 1776826025.913253,
                "retries": 0,
                "file_path": "test_outputs.py"
            },
            {
                "name": "test_outputs.py::test_layout_file",
                "status": "passed",
                "duration": 0.00040920189348980784,
                "start": 1776826025.9134135,
                "stop": 1776826025.9139438,
                "retries": 0,
                "file_path": "test_outputs.py"
            }
        ]
    }
}