{
    "results": {
        "tool": {
            "name": "pytest",
            "version": "8.4.1"
        },
        "summary": {
            "tests": 2,
            "passed": 2,
            "failed": 0,
            "skipped": 0,
            "pending": 0,
            "other": 0,
            "start": 1776928464.717684,
            "stop": 1776928464.7578151
        },
        "tests": [
            {
                "name": "test_outputs.py::test_solution_file",
                "status": "passed",
                "duration": 0.0002667370135895908,
                "start": 1776928464.7569652,
                "stop": 1776928464.7573612,
                "retries": 0,
                "file_path": "test_outputs.py"
            },
            {
                "name": "test_outputs.py::test_solution_content",
                "status": "passed",
                "duration": 0.00018714298494160175,
                "start": 1776928464.757482,
                "stop": 1776928464.7577372,
                "retries": 0,
                "file_path": "test_outputs.py"
            }
        ]
    }
}