{
    "results": {
        "tool": {
            "name": "pytest",
            "version": "8.4.1"
        },
        "summary": {
            "tests": 2,
            "passed": 2,
            "failed": 0,
            "skipped": 0,
            "pending": 0,
            "other": 0,
            "start": 1776824898.9997077,
            "stop": 1776824899.0469284
        },
        "tests": [
            {
                "name": "test_outputs.py::test_about_file",
                "status": "passed",
                "duration": 0.00035543693229556084,
                "start": 1776824899.0459564,
                "stop": 1776824899.0464559,
                "retries": 0,
                "file_path": "test_outputs.py"
            },
            {
                "name": "test_outputs.py::test_layout_file",
                "status": "passed",
                "duration": 0.0002080730046145618,
                "start": 1776824899.0465667,
                "stop": 1776824899.0468426,
                "retries": 0,
                "file_path": "test_outputs.py"
            }
        ]
    }
}