{
    "results": {
        "tool": {
            "name": "pytest",
            "version": "8.4.1"
        },
        "summary": {
            "tests": 1,
            "passed": 1,
            "failed": 0,
            "skipped": 0,
            "pending": 0,
            "other": 0,
            "start": 1776965915.4893768,
            "stop": 1776965916.7838206
        },
        "tests": [
            {
                "name": "test_outputs.py::test_api",
                "status": "passed",
                "duration": 1.2836187219945714,
                "start": 1776965915.4997559,
                "stop": 1776965916.7836552,
                "retries": 0,
                "file_path": "test_outputs.py"
            }
        ]
    }
}