{
    "results": {
        "tool": {
            "name": "pytest",
            "version": "8.4.1"
        },
        "summary": {
            "tests": 2,
            "passed": 2,
            "failed": 0,
            "skipped": 0,
            "pending": 0,
            "other": 0,
            "start": 1776822760.892831,
            "stop": 1776822760.960845
        },
        "tests": [
            {
                "name": "test_outputs.py::test_about_file",
                "status": "passed",
                "duration": 0.000850516080390662,
                "start": 1776822760.9584923,
                "stop": 1776822760.959647,
                "retries": 0,
                "file_path": "test_outputs.py"
            },
            {
                "name": "test_outputs.py::test_layout_file",
                "status": "passed",
                "duration": 0.0005885079735890031,
                "start": 1776822760.9598832,
                "stop": 1776822760.9606738,
                "retries": 0,
                "file_path": "test_outputs.py"
            }
        ]
    }
}