{
    "results": {
        "tool": {
            "name": "pytest",
            "version": "8.4.1"
        },
        "summary": {
            "tests": 2,
            "passed": 2,
            "failed": 0,
            "skipped": 0,
            "pending": 0,
            "other": 0,
            "start": 1776927853.5767272,
            "stop": 1776927853.6203885
        },
        "tests": [
            {
                "name": "test_outputs.py::test_summary_file_exists",
                "status": "passed",
                "duration": 0.00027098500868305564,
                "start": 1776927853.619528,
                "stop": 1776927853.6199358,
                "retries": 0,
                "file_path": "test_outputs.py"
            },
            {
                "name": "test_outputs.py::test_summary_structure_and_counts",
                "status": "passed",
                "duration": 0.00020139000844210386,
                "start": 1776927853.6200368,
                "stop": 1776927853.6203036,
                "retries": 0,
                "file_path": "test_outputs.py"
            }
        ]
    }
}