{
    "results": {
        "tool": {
            "name": "pytest",
            "version": "8.4.1"
        },
        "summary": {
            "tests": 2,
            "passed": 2,
            "failed": 0,
            "skipped": 0,
            "pending": 0,
            "other": 0,
            "start": 1776833228.0193942,
            "stop": 1776833228.069769
        },
        "tests": [
            {
                "name": "test_outputs.py::test_summary_file_exists",
                "status": "passed",
                "duration": 0.00030214403523132205,
                "start": 1776833228.0688355,
                "stop": 1776833228.0693014,
                "retries": 0,
                "file_path": "test_outputs.py"
            },
            {
                "name": "test_outputs.py::test_summary_structure_and_counts",
                "status": "passed",
                "duration": 0.00019992608577013016,
                "start": 1776833228.069406,
                "stop": 1776833228.0696728,
                "retries": 0,
                "file_path": "test_outputs.py"
            }
        ]
    }
}