{
    "results": {
        "tool": {
            "name": "pytest",
            "version": "8.4.1"
        },
        "summary": {
            "tests": 2,
            "passed": 2,
            "failed": 0,
            "skipped": 0,
            "pending": 0,
            "other": 0,
            "start": 1776825396.625597,
            "stop": 1776825396.6719708
        },
        "tests": [
            {
                "name": "test_outputs.py::test_about_file",
                "status": "passed",
                "duration": 0.00037932698614895344,
                "start": 1776825396.6709888,
                "stop": 1776825396.6715248,
                "retries": 0,
                "file_path": "test_outputs.py"
            },
            {
                "name": "test_outputs.py::test_layout_file",
                "status": "passed",
                "duration": 0.000188693986274302,
                "start": 1776825396.6716335,
                "stop": 1776825396.6718845,
                "retries": 0,
                "file_path": "test_outputs.py"
            }
        ]
    }
}