{
    "results": {
        "tool": {
            "name": "pytest",
            "version": "8.4.1"
        },
        "summary": {
            "tests": 2,
            "passed": 2,
            "failed": 0,
            "skipped": 0,
            "pending": 0,
            "other": 0,
            "start": 1776837347.003664,
            "stop": 1776837347.0512996
        },
        "tests": [
            {
                "name": "test_outputs.py::test_about_file",
                "status": "passed",
                "duration": 0.0003074340638704598,
                "start": 1776837347.0502813,
                "stop": 1776837347.0507336,
                "retries": 0,
                "file_path": "test_outputs.py"
            },
            {
                "name": "test_outputs.py::test_layout_file",
                "status": "passed",
                "duration": 0.0002385119441896677,
                "start": 1776837347.050893,
                "stop": 1776837347.0512078,
                "retries": 0,
                "file_path": "test_outputs.py"
            }
        ]
    }
}