{
    "results": {
        "tool": {
            "name": "pytest",
            "version": "8.4.1"
        },
        "summary": {
            "tests": 2,
            "passed": 2,
            "failed": 0,
            "skipped": 0,
            "pending": 0,
            "other": 0,
            "start": 1776820899.4055772,
            "stop": 1776820899.4611294
        },
        "tests": [
            {
                "name": "test_outputs.py::test_about_file",
                "status": "passed",
                "duration": 0.0004124540137127042,
                "start": 1776820899.4598804,
                "stop": 1776820899.4604661,
                "retries": 0,
                "file_path": "test_outputs.py"
            },
            {
                "name": "test_outputs.py::test_layout_file",
                "status": "passed",
                "duration": 0.00031642295653000474,
                "start": 1776820899.4605732,
                "stop": 1776820899.4610353,
                "retries": 0,
                "file_path": "test_outputs.py"
            }
        ]
    }
}