{
    "results": {
        "tool": {
            "name": "pytest",
            "version": "8.4.1"
        },
        "summary": {
            "tests": 2,
            "passed": 2,
            "failed": 0,
            "skipped": 0,
            "pending": 0,
            "other": 0,
            "start": 1776824188.3277524,
            "stop": 1776824188.3742385
        },
        "tests": [
            {
                "name": "test_outputs.py::test_about_file",
                "status": "passed",
                "duration": 0.00037866306956857443,
                "start": 1776824188.3732238,
                "stop": 1776824188.3737578,
                "retries": 0,
                "file_path": "test_outputs.py"
            },
            {
                "name": "test_outputs.py::test_layout_file",
                "status": "passed",
                "duration": 0.00020713201956823468,
                "start": 1776824188.3738723,
                "stop": 1776824188.3741481,
                "retries": 0,
                "file_path": "test_outputs.py"
            }
        ]
    }
}