{
    "results": {
        "tool": {
            "name": "pytest",
            "version": "8.4.1"
        },
        "summary": {
            "tests": 2,
            "passed": 2,
            "failed": 0,
            "skipped": 0,
            "pending": 0,
            "other": 0,
            "start": 1777016665.5349772,
            "stop": 1777016665.576641
        },
        "tests": [
            {
                "name": "test_outputs.py::test_about_file",
                "status": "passed",
                "duration": 0.0002894829958677292,
                "start": 1777016665.5758002,
                "stop": 1777016665.5762217,
                "retries": 0,
                "file_path": "test_outputs.py"
            },
            {
                "name": "test_outputs.py::test_layout_file",
                "status": "passed",
                "duration": 0.00018306390848010778,
                "start": 1777016665.576316,
                "stop": 1777016665.576559,
                "retries": 0,
                "file_path": "test_outputs.py"
            }
        ]
    }
}