{
    "results": {
        "tool": {
            "name": "pytest",
            "version": "8.4.1"
        },
        "summary": {
            "tests": 2,
            "passed": 2,
            "failed": 0,
            "skipped": 0,
            "pending": 0,
            "other": 0,
            "start": 1776823516.2716846,
            "stop": 1776823516.325367
        },
        "tests": [
            {
                "name": "test_outputs.py::test_about_file",
                "status": "passed",
                "duration": 0.0004320820444263518,
                "start": 1776823516.3238199,
                "stop": 1776823516.3244226,
                "retries": 0,
                "file_path": "test_outputs.py"
            },
            {
                "name": "test_outputs.py::test_layout_file",
                "status": "passed",
                "duration": 0.00040145101957023144,
                "start": 1776823516.3245761,
                "stop": 1776823516.325173,
                "retries": 0,
                "file_path": "test_outputs.py"
            }
        ]
    }
}