{
    "results": {
        "tool": {
            "name": "pytest",
            "version": "8.4.1"
        },
        "summary": {
            "tests": 2,
            "passed": 2,
            "failed": 0,
            "skipped": 0,
            "pending": 0,
            "other": 0,
            "start": 1776941274.7065592,
            "stop": 1776941274.7537305
        },
        "tests": [
            {
                "name": "test_outputs.py::test_about_file",
                "status": "passed",
                "duration": 0.000344947911798954,
                "start": 1776941274.7527833,
                "stop": 1776941274.753274,
                "retries": 0,
                "file_path": "test_outputs.py"
            },
            {
                "name": "test_outputs.py::test_layout_file",
                "status": "passed",
                "duration": 0.00019569986034184694,
                "start": 1776941274.7533793,
                "stop": 1776941274.7536402,
                "retries": 0,
                "file_path": "test_outputs.py"
            }
        ]
    }
}