{
    "results": {
        "tool": {
            "name": "pytest",
            "version": "8.4.1"
        },
        "summary": {
            "tests": 2,
            "passed": 2,
            "failed": 0,
            "skipped": 0,
            "pending": 0,
            "other": 0,
            "start": 1776824418.8515656,
            "stop": 1776824418.9159312
        },
        "tests": [
            {
                "name": "test_outputs.py::test_about_file",
                "status": "passed",
                "duration": 0.0006522830808535218,
                "start": 1776824418.9143398,
                "stop": 1776824418.9151845,
                "retries": 0,
                "file_path": "test_outputs.py"
            },
            {
                "name": "test_outputs.py::test_layout_file",
                "status": "passed",
                "duration": 0.00037368194898590446,
                "start": 1776824418.9153268,
                "stop": 1776824418.9158108,
                "retries": 0,
                "file_path": "test_outputs.py"
            }
        ]
    }
}